pics,0.6957645727066978
aww,0.6882883681992993
oddlysatisfying,0.6899523992255645
gaming,0.7291506457176801
MURICA,0.7517677043286328
funny,0.684525143586474
gifs,0.6717583316584389
shittyreactiongifs,0.6673825339575445
Unexpected,0.6506438455558787
WTF,0.5172308967039466
StarWars,0.667443298409625
AdviceAnimals,0.7325215005866786
ImGoingToHellForThis,-0.011325198858003965
Pareidolia,0.6255479474178947
thatHappened,0.6830543713876133
4chan,0.676929525067387
notinteresting,0.6752795497917042
mildlyinteresting,0.686175700846253
trashy,0.42739566874670754
reactiongifs,0.6332336841604502
wheredidthesodago,0.6767455449415762
food,0.7115363325431451
AnimalsBeingBros,0.651071128274036
nsfw,-0.011352723096787485
woahdude,0.7065277955903836
pcmasterrace,0.7307792024658547
rearpussy,-0.01013352191469681
photoshopbattles,0.6182136077633822
standupshots,0.70549449831764
bicycling,0.7827121754729913
HistoryPorn,0.5986088901622897
comics,0.6776545923798343
mindcrack,0.7554245578820558
OldSchoolCool,0.6990825228365098
polandball,0.6243237942409187
cats,0.7028039929691463
teenagers,0.7294563662182377
gameofthrones,0.724086259037814
space,0.7380849524943172
tumblr,0.6925918424139407
perfectloops,0.6875034123692639
TrollXChromosomes,0.7334441898913264
circlejerk,0.7400334900639403
facepalm,0.6741004050596443
AndroidGaming,0.7458450518840293
CrappyDesign,0.68730442076743
skyrim,0.7137696544078432
atheism,0.7711126995614177
smashbros,0.8000232340156578
interestingasfuck,0.7065396424354512
movies,0.8595109869562647
trees,0.748527846906711
TrollYChromosome,0.7265379479857722
hardbodies,0.7015413648534667
MensRights,0.8316876535128183
australia,0.9750849706895384
WastedGifs,0.6577593239216469
AnimalsBeingJerks,0.6359910097330813
youdontsurf,0.6896130103280134
Minecraft,0.7229427035601967
SkincareAddiction,0.7215391743348686
TheLastAirbender,0.7879808331580831
Tinder,0.6819118206381013
GamePhysics,0.7672110691974853
ass,-0.010823624646096751
Art,0.7325783193654523
cringepics,0.7069151116681344
wallpapers,0.7258145922915253
vexillology,0.6901319684282611
futurama,0.7132859189341155
rage,0.779932227511305
RoomPorn,0.6879669559858882
TumblrInAction,0.7591512453934732
EditingAndLayout,0.6959806388690655
EarthPorn,0.7498795658650989
vancouver,0.7608173230424777
Steam,0.7692957742532129
Filmmakers,0.7642917616974889
ProgrammerHumor,0.7870946820431133
dogecoin,0.7546847045499729
ravens,0.7778637651021301
facebookwins,0.6130780758391319
dayz,0.7353038663219684
techsupportgore,0.7138904302604075
arresteddevelopment,0.6766065973984781
zelda,0.7220778619997823
community,0.7991639934304497
HybridAnimals,0.6130780758391319
lifehacks,0.721032138829845
mildlyinfuriating,0.6736393466774561
firstworldanarchists,0.6833743923494133
hockey,0.8039991853242735
fatpeoplehate,0.7153051212878527
RealGirls,-0.01171558994986889
gamegrumps,0.7779837320120949
Celebs,0.3799953439590162
canada,0.9174794561260389
harrypotter,0.749168401611242
chemicalreactiongifs,0.640335222783592
PropagandaPosters,0.7236737582293101
Punny,0.6130780758391319
nba,0.788400624335178
RedditLaqueristas,0.7391970357759376
CombatFootage,0.7488410488700745
brokengifs,0.6807932403005635
fatlogic,0.7428409085651917
PS4,0.7971310624172055
thewalkingdead,0.6821996284579143
electronic_cigarette,0.8273256112715203
gonewild,-0.010879501703196608
gentlemanboners,0.6246181567314258
Cinemagraphs,0.6520782517301511
ladybeards,0.6807932403005635
BlackPeopleTwitter,0.6611095929675518
awesome,0.7088906765269797
PerfectTiming,0.6285972001776751
GetMotivated,0.6981027475814537
nostalgia,0.6654184532306459
Awwducational,0.6716318180185158
halo,0.7442859374134837
foxes,0.6576484268504145
TheSimpsons,0.7397976774220688
classic4chan,0.4833311483495977
battlestations,0.7084777392672371
Damnthatsinteresting,0.7088906765269797
dataisbeautiful,0.8294515587891961
ArcherFX,0.6907950890345538
tattoos,0.6700596540165843
bindingofisaac,0.7969268770575348
starcitizen,0.8067559728073369
wow,0.7755642164396693
EngineeringPorn,0.6130780758391319
creepy,0.6595910003164496
sports,0.7789130214644407
GrandTheftAutoV,0.7501462608277504
DotA2,0.8342867171367079
blackpeoplegifs,0.7199972670786547
shittyfoodporn,0.7067194793693117
KerbalSpaceProgram,0.7097016743602385
TreesSuckingAtThings,0.7877675573720426
cosplaygirls,0.7159033172698761
sandiego,0.7647605499559682
conspiracy,0.8682328021508473
Sonsofanarchy,0.6694458217068572
introvert,0.6130780758391319
guitarpedals,0.6130780758391319
CityPorn,0.789715634825389
Shitty_Car_Mods,0.667122198664993
JusticePorn,0.851793371110997
reversegif,0.6130780758391319
geek,0.781716294854612
PenmanshipPorn,0.6308557902577291
Coffee,0.7041607122247139
Military,0.8198827801777016
shield,0.6320634463831751
soccer,0.8126081521928437
beards,0.691911064920824
QuotesPorn,0.6472874845619823
babyelephantgifs,0.6614129106963083
unitedkingdom,0.9019184464045339
thenetherlands,0.6965303548372709
quityourbullshit,0.7830497225108274
Seattle,0.7492721102588691
HighQualityGifs,0.6582103492181585
ExpectationVsReality,0.7474791763462577
batman,0.7206303816285223
heroesofthestorm,0.8006466507155411
TopGear,0.7429940821828563
MilitaryPorn,0.7525802030583884
TalesFromYourServer,0.7412200886966053
doctorwho,0.7627530475546931
FoodPorn,0.7366596949919962
magicTCG,0.7607035259766514
InfrastructurePorn,0.6130780758391319
WomenOfColor,-0.012244318390090707
dogpictures,0.6730514016351233
flying,0.7041607122247139
misleadingthumbnails,0.6559557628729593
nsfw_gifs,-0.011503812212712298
europe,0.9093073420361389
gonecivil,0.6130780758391319
southpark,0.7048297081352579
Justrolledintotheshop,0.7047312140934302
HumanPorn,0.7041607122247139
IdiotsFightingThings,0.661240136290057
nonononoyes,0.7232073146865372
AsianHotties,-0.010823624646096751
Delightfullychubby,0.7088906765269797
TsundereSharks,0.7322947485178483
whitepeoplegifs,0.7180623149429651
realasians,0.6285656206445384
justneckbeardthings,0.6088843440382679
oregon,0.7097305458484146
gifextra,0.6499606114671087
bitchimabus,0.6807932403005635
awwwtf,0.6130780758391319
Bitcoin,0.8223520117980784
KarmaConspiracy,0.6130780758391319
mycology,0.6959806388690655
runescape,0.7064655612072608
ArtPorn,0.6130780758391319
adventuretime,0.7067767349713054
drunk,0.6697070042459156
DesignPorn,0.6130780758391319
wiiu,0.7822801973650666
Baking,0.6807932403005635
LadyBoners,0.7300725525269606
Whatcouldgowrong,0.6914098415667
Colorado,0.6130780758391319
Eyebleach,0.6807932403005635
BustyPetite,-0.010872054940854118
breakingbad,0.6122097152155569
Astronomy,0.7540513639336922
army,0.7051618307313725
ginger,-0.01013352191469681
delusionalartists,0.7619550655745708
shittyrobots,0.7452632202294265
DnD,0.7757904651038267
Supernatural,0.6130780758391319
secretsanta,0.7256944579825919
SuperShibe,0.6130780758391319
DunderMifflin,0.7258117003369465
spaceporn,0.7448253260132229
glitch_art,0.7438530452734926
SquaredCircle,0.8078632123515982
foodhacks,0.7088906765269797
oldpeoplefacebook,0.68272433049905
VolleyballGirls,0.6807932403005635
minimalism,0.7001700687728651
PoliticalHumor,0.67638316170072
LeftHanging,0.6130780758391319
USMC,0.4178408193201191
EDM,0.6130780758391319
redheads,-0.01013352191469681
carporn,0.7026139168826316
nfl,0.7989129569660108
im14andthisisdeep,0.7546536015807979
catpictures,0.6130780758391319
fireemblem,0.6959806388690655
nfffffffluuuuuuuuuuuu,0.6130780758391319
StarshipPorn,0.6694458217068572
sweden,0.841061501866251
holdmybeer,0.6714386125210786
pokemon,0.72452469181976
instant_regret,0.6017378137301841
Autos,0.6611095929675518
anime,0.7872581021173516
punchablefaces,0.6959806388690655
sloths,0.6130780758391319
rickandmorty,0.7488364265282874
analog,0.7915814739340566
Libertarian,0.8909497266651855
jailbreak,0.7431749905196856
corgi,0.7514994179369374
CafeRacers,0.6130780758391319
Perfectfit,0.7015413648534667
Blep,0.6959806388690655
lotr,0.7022150144416854
Portland,0.7632676162011559
india,0.7188102627554659
forwardsfromgrandma,0.6798157565496213
daddit,0.6811965305226682
French,0.6130780758391319
GlobalOffensive,0.813275015581028
tf2,0.7962082352551909
MapPorn,0.7451286440911514
pitbulls,0.6959806388690655
somethingimade,0.7074206540695858
motorcycles,0.7982444365437626
Frisson,0.7691002669477122
AnythingGoesPics,0.6130780758391319
Patriots,0.7683934228102558
gif,0.6995241816460177
me_irl,0.6632315349803493
GunPorn,0.6959806388690655
FiftyFifty,0.020654571927422125
childfree,0.7489149458198541
Stargate,0.6694458217068572
firefly,0.721443809633226
Fallout,0.6600895596424584
whatisthisthing,0.6842280445726907
itookapicture,0.7486774412767065
ffxiv,0.7088906765269797
softwaregore,0.6130780758391319
comicbooks,0.7685580954952919
leafs,0.6130780758391319
twitchplayspokemon,0.7088906765269797
Eve,0.7443311182400645
195,0.6462586012637016
creepyPMs,0.6640635573886231
Terraria,0.7064655612072608
PastAndPresentPics,0.6130780758391319
baseball,0.7971127563271367
tall,0.6694458217068572
lego,0.7824550941949772
catpranks,0.6130780758391319
web_design,0.8128688726078722
ledootgeneration,0.6130780758391319
IDAP,0.6130780758391319
Eesti,0.6130780758391319
cute,0.6959806388690655
shittyadviceanimals,0.6130780758391319
farcry,0.6965303548372709
france,0.6130780758391319
AlienBlue,0.6965303548372709
arrow,0.7298040136438814
combinedgifs,0.6725136308464666
ClashOfClans,0.730285312676021
mylittlepony,0.7659633767174091
Demotivational,0.6130780758391319
masseffect,0.7407812626004573
toronto,0.7691168386220564
Volkswagen,0.7088906765269797
battlefield_4,0.7522143561406429
nsfwcosplay,-0.01013352191469681
Offensive_Wallpapers,0.6130780758391319
TheWayWeWere,0.7333041804717725
ArtefactPorn,0.695702014987206
sexygames,0.6130780758391319
ShittyLifeProTips,0.7065712156709594
Watches,0.7091706329672978
FIFA,0.7684844270777537
lewronggeneration,0.760946102635547
AbandonedPorn,0.7527929213044908
4x4,0.6959806388690655
IASIP,0.7009877638729811
knitting,0.6811965305226682
Braveryjerk,0.7288273049023638
shorthairedhotties,0.6959806388690655
birdswitharms,0.6130780758391319
theydidthemath,0.5907795124291518
winterporn,0.6560395232276597
gamecollecting,0.6746726905190406
TwoBestFriendsPlay,0.7576788339757522
greentext,0.6130780758391319
SFGiants,0.6959806388690655
toosoon,0.7724395716901135
Austin,0.7597610948546353
aviation,0.7381786044987384
grool,-0.01013352191469681
urbanexploration,0.6130780758391319
lolcats,0.7088906765269797
MakeupAddiction,0.6983045410178738
civ,0.7600251104689267
Futurology,0.9312060642002399
youtubehaiku,0.6210067941695326
xboxone,0.8400281566573828
guns,0.7188140682082728
nononono,0.7325152035430841
bertstrips,0.6926683161268685
TheDarkTower,0.6130780758391319
donaldglover,0.6130780758391319
ukraina,0.8261884344026381
popping,0.7044944183936002
trap,0.7488410488700595
mildlypenis,0.6807932403005635
Hotchickswithtattoos,-0.008637680419645634
writing,0.7613609204870635
melbourne,0.7048281245624861
puns,0.7097305458484146
newjersey,0.8893902027941594
ANormalDayInRussia,0.7140967657380924
CozyPlaces,0.6807932403005635
Frugal,0.7359048290734235
Sherlock,0.6959806388690655
DesirePath,0.6130780758391319
kpics,0.7505105882118452
breathinginformation,0.7088906765269797
WarshipPorn,0.7041607122247139
subaru,0.6807932403005635
DaftPunk,0.6694458217068572
howto,0.6130780758391319
Rabbits,0.6959806388690655
Homebrewing,0.7088906765269797
FancyFollicles,0.6959806388690655
travel,0.7813361852093111
OnOff,-0.01013352191469681
Frugal_Jerk,0.6965303548372709
malefashionadvice,0.7747303379287986
Watchexchange,0.7088906765269797
rule34,-0.002478638729125026
halloween,0.6959806388690655
ghettoglamourshots,0.6130780758391319
happy,0.6870192370630323
Firearms,0.6130780758391319
HIFW,0.6959806388690655
blunderyears,0.7088906765269797
Bioshock,0.6959806388690655
everymanshouldknow,0.7832807347091129
PrettyGirls,0.6548292910888264
cutegirlgifs,0.6130780758391319
NSFW_GIF,0.000601587847929994
ExposurePorn,0.6807932403005635
marvelstudios,0.8013522534843358
screenshots,0.7088906765269797
cosplay,0.6864130959189554
awwnime,0.7281390230091997
StartledCats,0.6694458217068572
celebnsfw,-0.011717201264909237
redditgetsdrawn,0.6611095929675518
illusionporn,0.6130780758391319
typography,0.6130780758391319
MadeMeSmile,0.7410988874963687
FifthWorldPics,0.7180623149429651
milf,-0.011503812212712298
Brooklyn,0.6130780758391319
patriciacaprice,-0.01013352191469681
gonewildcurvy,-0.010927431288720315
NASCAR,0.8245110709897652
Honda,0.7580230318311031
LeagueOfMemes,0.7874704151339663
DnDGreentext,0.6130780758391319
see,0.7781976660609919
spongebob,0.6577593239216469
GotG,0.6130780758391319
FinalFantasy,0.7862627762720135
KingOfTheHill,0.6130780758391319
FreckledGirls,0.6130780758391319
PKA,0.7450809197774806
Gotham,0.6130780758391319
maisiewilliams,0.6959806388690655
Graffiti,0.7236737582293101
worldpolitics,0.6070318336438463
alternativeart,0.6798157565496213
disney,0.6130780758391319
AnimalCrossing,0.6959806388690655
TheHobbit,0.6130780758391319
NoFap,0.7418783278408271
BABYMETAL,0.8395888384940114
animenocontext,0.6130780758391319
OSHA,0.6959806388690655
crochet,0.6746726905190406
classicalmusic,0.768302418542758
Cyberpunk,0.7921241730429359
TheFacebookDelusion,0.6130780758391319
ussoccer,0.6130780758391319
Naruto,0.630557121781129
spiderbro,0.6130780758391319
California,0.6130780758391319
fffffffuuuuuuuuuuuu,0.7074206540695858
noisygifs,0.6130780758391319
gardening,0.7041607122247139
PixelArt,0.7260744328939532
AmericanHorrorStory,0.7219266864662944
BuyItForLife,0.6130780758391319
calvinandhobbes,0.7649011396311683
Chihuahua,0.6959806388690655
nextdoorasians,0.4862994355464385
TumblrAtRest,0.6130780758391319
Harley,0.6130780758391319
androidcirclejerk,0.629907508981716
SFWRedheads,0.6130780758391319
Marvel,0.6804527847929457
DenverBroncos,0.7088906765268189
Anjelica_Ebbi,-0.01013352191469681
Mila_Kunis,0.6130780758391319
hayleywilliams,0.6130780758391319
Tgirls,-0.01013352191469681
YUROP,0.6130780758391319
KotakuInAction,0.8928606086563365
formula1,0.7887220401345232
iphone,0.7642186474398464
Buddhism,0.6130780758391319
PandR,0.7518311363108084
WorldofTanks,0.6130780758391319
EmmaStone,0.6807932403005635
steelers,0.7296743219064391
norge,0.6130780758391319
seinfeld,0.6130780758391319
iamverysmart,0.709178602773961
terriblefacebookmemes,0.6130780758391319
Moustache,0.7088906765269797
4ChanMeta,0.6130780758391319
eatsandwiches,0.7088906765269797
Stance,0.7088906765269797
gaybros,0.7839591123698938
Hedgehog,0.7088906765269797
datgap,-0.01013352191469681
shestillsucking,0.6130780758391319
majesticviews,0.6130780758391319
DubbedGIFS,0.5600067461007837
DadReflexes,0.6694458217068572
Sneakers,0.7485512755203185
hugeboobs,-0.01013352191469681
Psychonaut,0.7378971517478315
EmmaWatson,0.6905194135186303
eyebombing,0.6130780758391319
ProtectAndServe,0.7883972565089219
Bad_Cop_No_Donut,0.8861257291202863
ShittyMapPorn,0.7041607122247139
girlsinyogapants,-0.010927431288720313
Porsche,0.6130780758391319
LSD,0.6811965305226682
PareidoliaGoneWild,0.6130780758391319
gaymers,0.6130780758391319
AdviceAtheists,0.6130780758391319
torontoraptors,0.7391175456845955
ImaginaryMonsters,0.7171754412822446
shittybattlestations,0.6130780758391319
Spiderman,0.6130780758391319
fountainpens,0.7088906765269797
kateupton,0.6130780758391319
progresspics,0.6604223560607466
MoviePosterPorn,0.5600067461007837
ZettaiRyouiki,0.6130780758391319
footballmanagergames,0.7097305458484146
MechanicalKeyboards,0.7136303377183507
low_poly,0.6130780758391319
AsianPorn,-0.011065220193502227
opieandanthony,0.6130780758391319
BannedFrom4chan,0.5064101658542361
vertical,0.6959806388690655
Animals,0.6130780758391319
memes,0.7664525892252034
thingsforants,0.6130780758391319
brisbane,0.6130780758391319
paydaytheheist,0.7091706329672978
ThingsCutInHalfPorn,0.6959806388690655
Gamingcirclejerk,0.6130780758391319
AsianCuties,0.6959806388690655
JonTron,0.7794755862548916
eu4,0.709310611187697
raspberry_pi,0.7895974171373199
FullmetalAlchemist,0.6130780758391319
roosterteeth,0.7863089497634659
dbz,0.7339252653493966
Heavymind,0.7064655612072608
TinyHouses,0.753299057755057
LipsThatGrip,-0.01013352191469681
punk,0.6130780758391319
homeland,0.7088906765269797
ThriftStoreHauls,0.6130780758391319
howyoudoin,0.6130780758391319
THEGOLDSTANDARD,-0.01013352191469681
mexico,0.7867099149785022
LV426,0.6130780758391319
EliteDangerous,0.7490580514269948
gatech,0.6811965305226682
shiba,0.7088906765269797
germanshepherds,0.6130780758391319
AndroidMasterRace,0.6130780758391319
greece,0.6130780758391319
drawing,0.6001318968992541
FortPorn,0.6130780758391319
gopro,0.709310611187697
webdev,0.7580230318311031
educationalgifs,0.7288904282764105
WtSSTaDaMiT,-0.0021571171245405433
cableporn,0.6959806388690655
PokemonInsurgence,0.6130780758391319
photocritique,0.7236737582293101
ColorizedHistory,0.6130780758391319
starcraft,0.8271260794295966
FractalPorn,0.6130780758391319
Boobies,-0.01013352191469681
nerdfighters,0.6965303548372708
gentlemanbonersgifs,0.7041607122247139
GoneMild,-0.01013352191469681
InsideGaming,0.7088906765269797
michaelbaygifs,0.7088906765269797
sanfrancisco,0.8522083531758026
HipHopImages,0.6694458217068572
nyc,0.8506027561860978
HIMYM,0.6130780758391319
RedditArmie,0.6130780758391319
nexus6,0.7565140685235991
wicked_edge,0.6130780758391319
touhou,0.6130780758391319
EDC,0.7088906765269797
Seahawks,0.8420831482400116
ArianaGrande,0.7088906765269797
jakeandamir,0.6965303548372709
bonnaroo,0.6130780758391319
BostonTerrier,0.6130780758391319
straya,0.6130780758391319
ConfusedBoners,-0.01163902003677261
keto,0.742426318211304
rupaulsdragrace,0.6959806388690654
Monstercat,0.8241441756981238
AlisonBrie,0.7088906765269797
BBW,-0.01013352191469681
KitchenConfidential,0.7083580138673453
frugalmalefashion,0.7751725593722016
tightdresses,-0.01013352191469681
fitgirls,-0.01013352191469681
investing,0.6130780758391319
BMW,0.7416589147927531
WikiLeaks,0.9024805551179106
BigBoobsGW,-0.01163902003677261
Anarchism,0.7460471757542322
steinsgate,0.7088906765269797
newzealand,0.7097305458484146
coaxedintoasnafu,0.34858673763103565
sportsarefun,0.6962554968531681
treecomics,0.7580230318311031
pebble,0.6130780758391319
fivenightsatfreddys,0.6130780758391319
8chan,0.7088906765269797
skateboarding,0.7267188587004807
HouseOfCards,0.7236737582293101
Morrowind,0.697080070805478
Jeep,0.7088906765269797
AnimalsBeingDerps,0.6611095929675518
deadpool,0.7088906765269797
beatles,0.6130780758391319
Hot100,0.6130780758391319
Catloaf,0.6130780758391319
RWBY,0.6130780758391319
wildhockey,0.6130780758391319
Ooer,0.6130780758391319
SNSD,0.6959806388690655
AdviceHell,-0.01013352191469681
worldbuilding,0.7784913928955352
architecture,0.6130780758391319
headphones,0.7414395017446793
KillLaKill,0.7192548586672138
Flyers,0.6130780758391319
washingtondc,0.7097305458484146
Iowa,0.6130780758391319
inmemoryof,0.6130780758391319
illinois,0.6130780758391319
xkcd,0.7776335049374502
Dinosaurs,0.6130780758391319
asoiaf,0.6769302253735221
london,0.6548292910888264
watchpeopledie,-0.0028985733898424905
blender,0.6130780758391319
upvotegifs,0.6959806388690655
thighhighs,-0.01013352191469681
SkyPorn,0.7485512755203185
ftlgame,0.7088906765269797
Bulldogs,0.7088906765269797
AdPorn,0.6959806388690655
furry,0.7540513639336922
trailerparkboys,0.6130780758391319
knifeclub,0.6130780758391319
Trucks,0.6130780758391319
oculus,0.7792229306425325
webcomics,0.7339252653493966
catsonglass,0.6130780758391319
itsaunixsystem,0.6130780758391319
comicbookart,0.6130780758391319
UnnecessaryCensorship,0.6130780758391319
HappyEmbarrassedGirls,-0.01013352191469681
math,0.6799155987235154
hiphopheads,0.8288627778978791
Chromecast,0.7620647537780282
google,0.8464194614012223
techsupportmacgyver,0.7041607122247139
gaybrosgonemild,0.7088906765269797
notreallyfamous,0.6998775906236723
thomasthedankengine,0.6130780758391319
AsiansGoneWild,-0.011252780831414736
osx,0.6130780758391319
FreeKarma,0.6130780758391319
ImaginaryTechnology,0.8046231776302175
duolingo,0.6130780758391319
grilledcheese,0.6130780758391319
googleglass,0.6130780758391319
wallpaper,0.7795665898639355
EatCheapAndHealthy,0.8419306777626421
ImaginaryLandscapes,0.7407812626004573
ShittyQuotesPorn,0.6130780758391319
Conservative,0.7088906765269797
Aquariums,0.7580230318311031
TaylorSwift,0.6130780758391319
Borderlands2,0.6130780758391319
chemistry,0.6959806388690655
origami,0.6130780758391319
parrots,0.6130780758391319
GODZILLA,0.6130780758391319
streetart,0.6807932403005635
creepy_gif,0.6130780758391319
Amateur,-0.01013352191469681
apple,0.7677446875474152
husky,0.6130780758391319
OkCupid,0.6959806388690655
showerbeer,0.6130780758391319
glassheads,0.6130780758391319
bayarea,0.9024805551179106
NYGiants,0.7088906765269797
crafts,0.7041607122247139
VillagePorn,0.6130780758391319
Zappa,0.6130780758391319
GreenBayPackers,0.7871732728958901
burstingout,-0.01013352191469681
TheAdventuresofTintin,0.6130780758391319
workgonewild,-0.01013352191469681
CHIBears,0.7100105022887324
goldenretrievers,0.6130780758391319
FirePorn,0.6130780758391319
SHHHHHEEEEEEEEIIIITT,0.6130780758391319
BirdsBeingDicks,0.6130780758391319
TheDepthsBelow,0.6130780758391319
moviescirclejerk,0.6130780758391319
animegifs,0.6130780758391319
Chargers,0.7579152679709015
longbeach,0.6130780758391319
dadjokes,0.6136298069639472
suicidegirls,-0.01013352191469681
MotoX,0.7097305458484146
ArchitecturePorn,0.7580230318311031
powerwashingporn,0.7088906765269797
HFY,0.6347081178621515
UnnecessaryQuotes,0.6130780758391319
SoundersFC,0.6130780758391319
TF2fashionadvice,0.6130780758391319
AdrenalinePorn,0.6130780758391319
CrohnsDisease,0.6130780758391319
familyguy,0.6130780758391319
EngineeringStudents,0.6130780758391319
Shitty_Watercolour,0.6959806388690655
SkyrimPorn,0.7088906765269797
MST3K,0.6130780758391319
SFM,0.6130780758391319
UpliftingNews,0.9295235729160765
CastleClash,0.6130780758391319
niceguys,0.7088906765269797
TwinGirls,-0.01013352191469681
socialism,0.8716087398294938
biology,0.6130780758391319
Ladybonersgonecuddly,0.7088906765269797
Polandballart,0.6130780758391319
MachinePorn,0.7602974071494308
yesyesyesyesno,0.6130780758391319
Robocraft,0.7088906765269797
AnimalTextGifs,0.6130780758391319
analogygifs,0.6130780758391319
drums,0.6130780758391319
Banished,0.6130780758391319
keming,0.6130780758391319
astrophotography,0.7275797045396317
boltedontits,-0.011503812212712298
funnycharts,0.6130780758391319
hardcoreaww,0.6130780758391319
OregonStateUniv,0.6130780758391319
deepthroat,-0.01013352191469681
worldcup,0.710150480509132
Planetside,0.787081836303868
CrossView,0.6130780758391319
Cynicalbrit,0.7686664356127493
qotsa,0.6130780758391319
HomestarRunner,0.7097305458484146
CampingandHiking,0.7664525892252034
nongolfers,0.6130780758391319
news,0.9999999999999999
politics,0.9862552667365787
worldnews,0.9957152340384202
behindthegifs,0.6130780758391319
asiansinswimsuits,-0.01013352191469681
DIY,0.6393257152321457
stephenking,0.6130780758391319
CyanideandHappiness,0.6333127736791897
vinyl,0.7059225302086182
gametales,0.6130780758391319
retrobattlestations,0.6130780758391319
discgolf,0.6130780758391319
MineralPorn,0.6130780758391319
GirlswithGlasses,-0.01013352191469681
prisonarchitect,0.6130780758391319
Design,0.7432043339845356
cordcutters,0.7560654019313364
stlouisblues,0.709310611187697
offbeat,0.9489807155639416
oneplus,0.6965303548372709
PussyPass,0.6130780758391319
mountandblade,0.6130780758391319
slowcooking,0.6130780758391319
homestuck,0.7020275145193249
MetalMemes,0.6130780758391319
GWNerdy,-0.01013352191469681
muacirclejerk,0.6130780758391319
Mami,0.6130780758391319
thelastofus,0.6130780758391319
sadcomics,0.6130780758391319
sewing,0.6130780758391319
misc,0.7281390230091997
longboarding,0.6130780758391319
LifeasanNPC,0.6130780758391319
NSFWFunny,-0.01013352191469681
TheGirlSurvivalGuide,0.6130780758391319
PetiteGoneWild,-0.01013352191469681
FunnyandSad,0.6130780758391319
DCcomics,0.6789616332859284
Shihtzu,0.6130780758391319
ShinyPokemon,0.6130780758391319
thesims,0.6716666036617744
miamidolphins,0.7817781879016886
woodworking,0.6965303548372709
GrumpyCat,0.6130780758391319
altgonewild,-0.01013352191469681
shubreddit,0.7097305458484146
thewholecar,0.6130780758391319
RedditDayOf,0.6959806388690654
firstworldproblems,0.6649144068983471
shrooms,0.6130780758391319
happygirls,-0.01013352191469681
philadelphia,0.9493997002123755
O_Faces,-0.01013352191469681
evangelion,0.6130780758391319
cocktails,0.9024805551179106
paradoxplaza,0.7695764782877287
2spooky4me,0.6981878779848226
Columbus,0.6130780758391319
Gameboy,0.6130780758391319
magicskyfairy,0.6130780758391319
StonerPhilosophy,0.6130780758391319
EFLcomics,0.6130780758391319
Calgary,0.7097305458484146
running,0.729951498331242
ladybonersgw,-0.01013352191469681
climbing,0.709310611187697
Mustang,0.6130780758391319
malelivingspace,0.6130780758391319
onetruegod,0.6130780758391319
uwotm8,0.6965303548372709
curlyhair,0.6130780758391319
InternetIsBeautiful,0.7513439938548072
StLouis,0.9079972792319081
xsmallgirls,-0.01013352191469681
Ingress,0.6130780758391319
BravestWarriors,0.6130780758391319
bleachshirts,0.6130780758391319
serialpodcast,0.7051618307313725
Fantasy,0.6130780758391319
phish,0.7602974071494306
socialskills,0.7097305458484146
BabyBumps,0.6130780758391319
animation,0.7147697617770241
snackexchange,0.6130780758391319
metalgearsolid,0.7903254512773022
WatchItForThePlot,0.6134176759888259
Cricket,0.7572283451041523
oliviawilde,0.6130780758391319
classiccars,0.6130780758391319
bannedfromclubpenguin,0.6130780758391319
fatpeoplestories,0.7097305458484146
weddingplanning,0.6130780758391319
IndiansGoneWild,-0.01013352191469681
dwarffortress,0.7088906765269797
spiders,0.6130780758391319
gonewildcolor,-0.01013352191469681
StonerEngineering,0.6130780758391319
actuallesbians,0.6130780758391319
beerwithaview,0.6130780758391319
GirlsFinishingTheJob,-0.01013352191469681
lgbt,0.8818557795003912
katawashoujo,0.6130780758391319
redpandas,0.6130780758391319
spacex,0.6130780758391319
GTAV,0.6130780758391319
Images,0.6130780758391319
Fishing,0.6130780758391319
Atlanta,0.7193890430449162
watercooling,0.6130780758391319
Winnipeg,0.8243618921810827
2007scape,0.6965303548372709
dndnext,0.6130780758391319
backpacking,0.6130780758391319
entwives,0.6130780758391319
gravityfalls,0.7036766624239528
FlashTV,0.7408227755277701
Helicopters,0.7088906765269797
transformers,0.6130780758391319
dragonage,0.6513082007254082
vita,0.7088906765269797
gadgets,0.8762181089752827
ottawa,0.6130780758391319
aiyu,0.6130780758391319
metart,-0.01013352191469681
coding,0.6130780758391319
HannibalTV,0.6130780758391319
Colts,0.8932733310121347
RetroFuturism,0.6130780758391319
gamingpc,0.6130780758391319
asstastic,-0.01013352191469681
texas,0.6130780758391319
tea,0.6130780758391319
korea,0.6130780758391319
marijuanaenthusiasts,0.6130780758391319
FloridaMan,0.9259218098491724
PrettyGirlsUglyFaces,0.6130780758391319
boston,0.7616190404211951
DoctorWhumour,0.6130780758391319
xbox360,0.7097305458484146
shittyprogramming,0.6130780758391319
whatsthisbug,0.6130780758391319
bodybuilding,0.6130780758391319
JurassicPark,0.709310611187697
spacedicks,-0.01013352191469681
eagles,0.6130780758391319
CaptchaArt,0.6130780758391319
lostgeneration,0.7088906765269797
asmr,0.6130780758391319
LearnUselessTalents,0.7043857182937617
StarWarsLeaks,0.7097305458484146
Treknobabble,0.6130780758391319
blackfriday,0.6130780758391319
spicy,0.6130780758391319
Indiemakeupandmore,0.6130780758391319
arma,0.6130780758391319
Pictures,0.6130780758391319
fuckingmanly,0.6130780758391319
ecchi,-0.01013352191469681
katyperry,0.6130780758391319
ScottManley,0.6130780758391319
LosAngeles,0.774540461819158
rangers,0.7097305458484146
MitchellAndWebb,0.709310611187697
flightsim,0.6130780758391319
Scotland,0.7097305458484146
Romania,0.6130780758391319
GoneWildPlus,-0.01013352191469681
Modern_Family,0.6130780758391319
zombies,0.6130780758391319
NewOrleans,0.7097305458484146
KingdomHearts,0.6130780758391319
TwoXChromosomes,0.775642154066661
technology,0.9100622587830521
sex,0.6679534223164335
todayilearned,0.9285437680362975
Drugs,0.7581503424959813
environment,0.9779390348786997
progressive,0.8554372743887588
psychology,0.8838559284204154
Economics,0.9388788366898232
television,0.9136077283084025
science,0.9481722814878977
Foodforthought,0.9596684288860702
nottheonion,0.9947894405310328
Physics,0.8937121571082824
videos,0.6630126059980443
Documentaries,0.6260129572446329
ultrahardcore,0.7054955369002587
UnexpectedThugLife,0.6819782778734718
montageparodies,0.709569192467202
kpop,0.8124095971301946
cringe,0.6224622205606544
leagueoflegends,0.7051819157481244
Music,0.8144839417167299
ArtisanVideos,0.613804429682667
history,0.8330800570834175
Games,0.8264592413599922
CommercialCuts,0.613804429682667
Metal,0.7817553721230148
ContagiousLaughter,0.6267642862172854
javascript,0.8112564328018731
SongStems,0.613804429682667
listentothis,0.7086312829541679
DeepIntoYouTube,0.5362310247568979
Audiomemes,0.613804429682667
fullmoviesonyoutube,0.613804429682667
Anarcho_Capitalism,0.6965303548372717
StandUpComedy,0.6860360131879217
pcgaming,0.8615723435975206
superman,0.613804429682667
weightroom,0.613804429682667
poppunkers,0.613804429682667
Android,0.8368382631597814
SSBPM,0.7614581476836206
nintendo,0.8425008516702652
blues,0.613804429682667
MMA,0.613804429682667
NotTimAndEric,0.6506344060962583
JoeRogan,0.613804429682667
philosophy,0.7584429664918203
MorbidReality,0.10646470968084201
YMS,0.613804429682667
clubesteban,0.613804429682667
MotionDesign,0.613804429682667
Prematurecelebration,0.613804429682667
Yogscast,0.7053286838158156
osugame,0.6703975854018218
CGPGrey,0.613804429682667
cocaine,0.613804429682667
Good_Cop_Free_Donut,0.613804429682667
amv,0.613804429682667
programming,0.8447725554383273
nonononoyesno,0.613804429682667
mashups,0.7442509696406108
BatmanArkham,0.613804429682667
AquaJail,0.613804429682667
CinemaSins,0.613804429682667
startrek,0.7890124618694686
happycrowds,0.613804429682667
CollegeBasketball,0.613804429682667
treemusic,0.613804429682667
progmetal,0.7418783278408272
hearthstone,0.7188607079657665
mathrock,0.613804429682667
swoleacceptance,0.613804429682667
ParrotHeads,0.613804429682667
humor,0.8562958996235681
futurebeats,0.6965303548372719
horror,0.9562396803372365
moto360,0.613804429682667
ADHD,0.6973549287895807
TrueReddit,0.9727677293632663
engineering,0.7101504805091321
realdubstep,0.613804429682667
saskatchewan,0.613804429682667
Israel,0.9029004897786281
Drifting,0.613804429682667
chess,0.613804429682667
WhatsInThisThing,0.613804429682667
Roadcam,0.613804429682667
Meditation,0.7880646996101192
CodAW,0.6888270243108344
sharks,0.613804429682667
piano,0.709310611187697
PublicFreakout,0.6965303548372717
UkrainianConflict,0.9266762553588896
CourtroomJustice,0.613804429682667
CFB,0.8231686813812037
WeAreTheMusicMakers,0.7961067398314797
shittykickstarters,0.7693944697527331
adery,0.613804429682667
VentGrumps,0.613804429682667
financialindependence,0.6822047560779292
electronicmusic,0.7138744813263546
pranks,0.6965303548372717
PlayItAgainSam,0.613804429682667
House,0.613804429682667
80sAlternative,0.613804429682667
CalamariRaceTeam,0.613804429682667
watch_dogs,0.613804429682667
baww,0.613804429682667
holdthemoan,-0.00900778727414185
dirtysmall,-0.01013352191469681
HighlightGIFS,0.6130780758391319
ImageStabilization,0.6130780758391319
Warthunder,0.6130780758391319
chelseafc,0.6130780758391319
smashgifs,0.6130780758391319
Wellthatsucks,0.6130780758391319
curvy,-0.01013352191469681
Gaben,0.6130780758391319
mileycyrus,0.6130780758391319
CallOfDuty,0.6130780758391319
LiverpoolFC,0.758023031831103
60fpsporn,-0.01013352191469681
mechanical_gifs,0.6130780758391319
Pegging,-0.01013352191469681
titanfall,0.709310611187697
bimbofetish,-0.01013352191469681
watchitforthecat,-0.01013352191469681
kpopfap,-0.011503812212712298
dontlookdown,0.6130780758391319
fuxtaposition,-0.01013352191469681
AskReddit,0.5387914869072922
Showerthoughts,0.611424726834456
ProRevenge,0.6145307835262023
DestinyTheGame,0.6145307835262023
IAmA,0.603799889270778
Jokes,0.5423652984909677
explainlikeimfive,0.6145307835262023
LifeProTips,0.6145307835262023
talesfromtechsupport,0.6145307835262023
shittyaskscience,0.6113248863401275
WritingPrompts,0.5958829217731655
nosleep,0.5762515359130748
Glitch_in_the_Matrix,0.6145307835262023
changemyview,0.5947069969758767
tifu,0.5918479644794037
DoesAnybodyElse,0.5969274587203075
fantasyfootball,0.6785532106461166
TalesFromRetail,0.6145307835262023
CrazyIdeas,0.6145307835262023
confession,0.6145307835262023
networking,0.6145307835262023
loseit,0.6145307835262023
britishproblems,0.5864566914980873
FullLengthFilms,0.6145307835262023
AskHistorians,0.6145307835262023
darksouls,0.6145307835262023
YouShouldKnow,0.6145307835262023
quotes,0.6145307835262023
askscience,0.6145307835262023
matt,0.6145307835262023
offmychest,0.5880301753261178
realWoW,0.6145307835262023
3DS,0.8070520945999458
casualiama,0.6145307835262023
falcons,0.6824064011889814
AskMen,0.6145307835262023
NoStupidQuestions,0.6145307835262023
pimpcats,0.6145307835262023
privacy,0.8785818431027722
photography,0.7756074744664562
cars,0.8030656203023224
sysadmin,0.6334345450756851
politota,0.6145307835262023
needadvice,0.6145307835262023
pettyrevenge,0.6145307835262023
raisedbynarcissists,0.6145307835262023
books,0.8630490527898828
Fitness,0.6145307835262023
KerbalMissions,0.6145307835262023
bodyweightfitness,0.6145307835262023
minecraftsuggestions,0.6145307835262023
Sidehugs,0.6145307835262023
assassinscirclejerk,0.6145307835262023
blog,0.7249934620196022
OutOfTheLoop,0.6145307835262023
Cooking,0.6145307835262023
linux,0.7907046775947364
ShitRedditSays,0.6145307835262023
sips,0.6145307835262023
glasgow,0.6145307835262023
buildapc,0.6423457240116003
assassinscreed,0.6145307835262023
Parenting,0.6145307835262023
MeanJokes,0.6145307835262023
truegaming,0.6145307835262023
oaklandraiders,0.6145307835262023
dogs,0.6145307835262023
LGG3,0.6145307835262023
ConspiracyGrumps,0.6145307835262023
askgaybros,0.6145307835262023
live,0.6145307835262023
tulsa,0.6145307835262023
rant,0.6145307835262023
TheRedPill,0.6405153460854043
CasualConversation,0.6145307835262023
bestof,0.6119672543390251
exjw,0.6145307835262023
Christianity,0.7416589147927531
circlejerkcopypasta,0.6145307835262023
NetflixBestOf,0.7067882592229923
AskScienceFiction,0.6145307835262023
whowouldwin,0.6145307835262023
hacking,0.6145307835262023
SubredditDrama,0.59756128558754
FanTheories,0.6145307835262023
HistoricalWhatIf,0.6145307835262023
reddevils,0.6145307835262023
excel,0.6145307835262023
Dogtraining,0.6145307835262023
AmIFreeToGo,0.6145307835262023
Nexus5,0.697080070805478
Battlefield,0.6145307835262023
personalfinance,0.6145307835262023
Mommit,0.6145307835262023
AntiAntiJokes,0.6145307835262023
jobs,0.6145307835262023
AdamCarolla,0.6145307835262023
announcements,0.6145307835262023
GreatApes,0.6145307835262023
shygymnastsdoingporn,-0.008680814227626402
relationships,0.6145307835262023
Liverpool,0.6145307835262023
trackers,0.6145307835262023
detroitlions,0.7151896964377417
Prismata,0.6145307835262023
airz23,0.6145307835262023
incremental_games,0.6145307835262023
explainlikeIAmA,0.6145307835262023
skeptic,0.9121054411107165
orioles,0.6145307835262023
shortscarystories,0.6145307835262023
SiliconValleyHBO,0.6145307835262023
edmproduction,0.6145307835262023
labrats,0.6145307835262023
shitpost,0.6145307835262023
Buffalo,0.6145307835262023
swordartonline,0.6145307835262023
rpg,0.6892742320186872
Aftermath1231,0.6145307835262023
Smite,0.6145307835262023
latterdaysaints,0.6145307835262023
Twitch,0.6145307835262023
HailCorporate,0.6145307835262023
DarkSouls2,0.6145307835262023
Guitar,0.6145307835262023
playrust,0.6145307835262023
PoliticalDiscussion,0.6145307835262023
LatvianJokes,0.6145307835262023
femalefashionadvice,0.6145307835262023
AskWomen,0.5349298861517263
xxfitness,-0.008680814227626402
rawdenim,0.6145307835262023
arduino,0.6145307835262023
techsupport,0.6145307835262023
TrueFilm,0.6145307835262023
ukpolitics,0.7883618418481954
PointlessStories,0.6145307835262023
archeage,0.6145307835262023
exmormon,0.6145307835262023
undelete,0.6145307835262023
languagelearning,0.6145307835262023
AgainstGamerGate,0.6145307835262023
GameDeals,0.28762686595167186
intrusivethoughts,0.6145307835262023
self,0.6145307835262023
CanadaPolitics,0.6145307835262023
KansasCityChiefs,0.6145307835262023
modnews,0.6145307835262023
fifthworldproblems,0.6145307835262023
venn177csstest,0.6145307835262023
shittyaskreddit,0.6145307835262023
NHLStreams,0.6145307835262023
barricade,0.6145307835262023
onions,0.6145307835262023
WouldYouRather,0.6145307835262023
boardgames,0.6145307835262023
warriors,0.7097305458484146
atmidnight,0.6145307835262023
nocontext,0.6145307835262023
depression,0.6145307835262023
buffalobills,0.6145307835262023
gamedev,0.6145307835262023
audioengineering,0.7588629011525378
windowsphone,0.8070275193034052
coys,0.6145307835262023
UCSantaBarbara,0.6145307835262023
PuzzleAndDragons,0.6145307835262023
brasil,0.6169910987805265
TrueDoTA2,0.6145307835262023
makemychoice,0.6145307835262023
Overwatch,0.6145307835262023
minnesotavikings,0.7097305458484146
Pets,0.6145307835262023
DepthHub,0.6145307835262023
circlebroke2,0.6145307835262023
Borderlands,0.6145307835262023
gonewildstories,-0.008680814227626402
pittsburgh,0.6145307835262023
MLS,0.7588629011525378
grandrapids,0.6145307835262023
catsvstechnology,0.6145307835262023
ello2,0.6145307835262023
Miami,0.6145307835262023
findareddit,0.6145307835262023
LetsNotMeet,0.6145307835262023
Chattanooga,0.6145307835262023
AskRedditAfterDark,-0.008680814227626402
pussypassdenied,0.6145307835262023
gtaonline,0.6145307835262023
Python,0.8365742327178208
Barca,0.6145307835262023
ShaqHoldingThings,0.6145307835262023
starwarsprecut,0.6145307835262023
incest,-0.008680814227626402
Detroit,0.6145307835262023
millionairemakers,0.6145307835262023
scifi,0.8978197568500191
AntiJokes,0.6145307835262023
netflix,0.6145307835262023
Fireteams,0.6145307835262023
PlayStationPlus,0.6145307835262023
Pathfinder_RPG,0.7097305458484146
heat,0.697080070805478
marketing,0.6145307835262023
polyamory,0.7097305458484146
EvilLeagueOfEvil,0.6145307835262023
subredditoftheday,0.6145307835262023
nova,0.7588629011525378
60fpsGamingGifs,0.6145307835262023
wowthissubexists,0.6145307835262023
circojeca,0.6145307835262023
chicago,0.9691902456457211
POLITIC,0.6145307835262023
learnprogramming,0.6145307835262023
3amjokes,0.6145307835262023
badhistory,0.6145307835262023
chromeos,0.7519739645022635
erlang,0.6145307835262023
stopsmoking,0.6145307835262023
outside,0.6145307835262023
cscareerquestions,0.6145307835262023
SourceFed,0.6145307835262023
UnresolvedMysteries,0.6145307835262023
mishacollins,0.6145307835262023
highdeas,0.6145307835262023
TrueAskReddit,0.6145307835262023
dailydot,0.6145307835262023
audiobooks,0.6145307835262023
retiredgif,0.6145307835262023
seduction,0.6145307835262023
flexibility,0.6145307835262023
Denver,0.6145307835262023
sixwordstories,0.6145307835262023
ainbow,0.6145307835262023
Foofighters,0.6145307835262023
speedrun,0.6145307835262023
CrusaderKings,0.6145307835262023
ccna,0.6145307835262023
conspiratard,0.7097305458484146
Motivatinggiraffe,0.6145307835262023
TheoryOfReddit,0.6145307835262023
Guildwars2,0.613078075839132
comeonandslam,0.613078075839132
MyPeopleNeedMe,0.613078075839132
60framespersecond,0.613078075839132
SakuraGakuin,0.613078075839132
NLSSCircleJerk,0.613078075839132
pinkfloyd,0.613078075839132
chillmusic,0.613078075839132
OneY,0.613078075839132
EverythingScience,0.758023031831103
Eminem,0.7602974071494308
portugal,0.6130780758391319
wikipedia,0.6130780758391319
logophilia,0.6130780758391319
thickloads,-0.01013352191469681
chicagobulls,0.6130780758391319
evolutionReddit,0.9529728540057105
futureporn,0.6513082007254084
gallifrey,0.9479271977091727
postrock,0.9516129104220342
Gunners,0.7794391852102398
golf,0.613078075839132
Bacon,0.613078075839132
AnythingGoesNews,0.6297842142404415
flyinglotus,0.613804429682667
SpaceVideos,0.613804429682667
TimAndEric,0.613804429682667
streeteats,0.613078075839132
AnimalPorn,0.613078075839132
democrats,0.9045802284215017
coolgithubprojects,0.6130780758391319
vim,0.6130780758391319
Purdue,0.6980614755330622
Feminism,0.9507739901328913
restorethefourth,0.9516129104220342
reddit.com,0.6130780758391319
GamerGhazi,0.7524076310408279
GirlGamers,0.7109903498305705
losangeleskings,0.6130780758391319
xbmc,0.6130780758391319
entertainment,0.7437365393553301
tech,0.8962244742699159
collapse,0.9024805551179106
screamingfish,0.6232470296486247
deepseacreatures,0.6232470296486247
defaultgems,0.6145307835262023
titlegore,0.6145307835262023
ShitPoliticsSays,0.6145307835262023
IndieGaming,0.6130780758391319
SRSGaming,0.7088906765269797
Gaming4Gamers,0.6130780758391319
business,0.9144046010393162
education,0.9479271977091727
skiing,0.6130780758391319
nin,0.6130780758391319
buildapcsales,0.42810431880709154
freebies,0.6980614755330622
ImaginaryCharacters,0.5950371943460847
SpeculativeEvolution,0.6290578603969063
netsec,0.7969510029075766
respectporn,0.6232470296486247
Xcom,0.6980614755330622
windows,0.6225206758050895
Politics_Uncensored,0.9479271977091727
Browns,0.613078075839132
notcosplaygirls,0.6980614755330622
Everton,0.6980614755330622
ebola,0.9479271977091727
florida,0.6167098450568141
copwatchnews,0.6130780758391319
Liberal,0.6130780758391319
vegan,0.6290578603969063
NSALeaks,0.9479271977091727
RedditThroughHistory,0.9479271977091727
FellowKids,0.9024805551179106
DnB,0.6130780758391319
airhornremix,0.6130780758391319
obama,0.9479271977091727
SRSArmory,0.613804429682667
Drama,0.6130780758391319
crossfit,0.6130780758391319
metacanada,0.9479271977091727
oil,0.9479271977091727
NoShitSherlock,0.6130780758391319
britishcolumbia,0.6980614755330622
ireland,0.6980614755330622
thewestwing,0.6130780758391319
CoDCompetitive,0.6980614755330622
wtfstockphotos,0.6130780758391319
opendirectories,0.07484987777923373
3Dprinting,0.7588629011525381
WayForward,0.6130780758391319
ads,0.6980614755330622
Portal,0.7088906765269797
redditrequest,0.6145307835262023
BotanicalPorn,0.9479271977091727
Metric,0.6980614755330622
django,0.6980614755330622
Predators,0.613078075839132
ghibli,0.6980614755330622
AdvancedFitness,0.6980614755330622
Metroid,0.6130780758391319
Hungergames,0.9479271977091727
SpecArt,0.7871732728958901
ReverseEngineering,0.6980614755330622
BasicIncome,0.6980614755330622
shewantstofuck,3.543189479605601e-05
ImaginaryHorrors,0.613078075839132
gamernews,0.6130780758391319
realrule34,0.07484987777923373
ImaginaryJedi,0.613078075839132
Tsunderes,0.6980614755330622
GTWHSWithIwchabre,-0.00577539885347935
beer,0.6130780758391319
pornvids,-0.01013352191469681
joi,-0.01013352191469681
nature,0.6130780758391319
digitalnomad,0.6980614755330622
BobsBurgers,0.613078075839132
eldertrees,0.6980614755330622
LevantineWar,0.6980614755330622
adrenaline,0.6980614755330622
cs50,0.6232470296486247
linux_gaming,0.613078075839132
GifSound,0.6980614755330622
bearsdoinghumanthings,0.6130780758391319
compsci,0.6980614755330622
dolan,0.07484987777923373
Calligraphy,0.6130780758391319
Shortfilms,0.6980614755330622
chrome,0.613078075839132
rails,0.6130780758391319
CatholicMemes,0.6980614755330622
bestofworldstar,0.613078075839132
japan,0.6980614755330622
ImaginaryWesteros,0.7580230318311031
firefall,0.613078075839132
TwinCities,0.6980614755330622
shutupandtakemymoney,0.7580230318311031
GunsAreCool,0.6232470296486247
snakes,0.6130780758391319
StreetFights,0.6130780758391319
duckduckgo,0.6980614755330622
starwarsmemes,0.6980614755330622
Infographics,0.6980614755330622
Arkansas,0.6174361989003493
manga,0.6130780758391319
redneckengineering,0.6980614755330622
economy,0.6980614755330622
spaceflight,0.9479271977091727
java,0.6980614755330622
Health,0.9479271977091727
singularity,0.6980614755330622
CatGifs,0.6980614755330622
